Taskbar
TASKBAR
SUBNAVIGATION
CONTENTS
Contact Who's who Organisational chart Libraries Toledo Intranet KU Leuven Nederlands
zoekterm:
Navigation
EDUCATION
International programmes
Faculties
ECTS
Vision and policy
Summer Schools
RESEARCH
Research at KU Leuven
Support and funding
Industry and society
PhD
Postdoc researchers
Output and impact
Networking
Vision and policy
ADMISSIONS
How to apply
Scholarships
Degree-seeking students
Non-degree-seeking students
Doctoral students
Reseachers
Short-term study visits
Prepare your stay
LIVING IN LEUVEN
Welcome activities
Student services
Housing
Insurance
Sports
Culture
Student organisations
ABOUT KU LEUVEN
Mission statement
Facts and figures
International networks
Development co-operation
Academic calendar
Alumni
Fundraising
Services and support
Boards and councils
News and press
Jobs & Careers
Department E&ES
Staff
Education
Research
Outreach
Projects
Publications
International students
Contact
Intranet

Science, Engineering and Technology Group
LSUE
Faculty of Science
Faculty of Bioscience Engineering

GEO-Instituut

Nederlands
E&ES > Staff
Staff
Sort by:
Division + Last name + First name
Last name + First name
Telephone
Staff member:
  Division Last name First name Telephone Building Room E-mail More info CWIS
AOW Bauwens Willy   willy.bauwens[at]kuleuven.be More CWIS
AOW Coeck Christophe 27379 GI: 493.12 00.240 christophe.coeck[at]kuleuven.be More CWIS
AOW Coenen Willem 79523 GI: 493.12 01.256 wim.coenen[at]kuleuven.be More CWIS
AOW Crabbé Viviane 29720 GI: 493.12 01.257 viviane.crabbe[at]kuleuven.be More CWIS
AOW De Volder Eric 77523 GI: 493.12 01.258 eric.devolder[at]kuleuven.be More CWIS
AOW Donghi Gerty 30719 GI: 493.12 01.257 gerty.donghi[at]kuleuven.be More CWIS
AOW Huybrechts Philippe   philippe.huybrechts[at]kuleuven.be More CWIS
AOW Scheltens Erika 26408 GI: 493.12 01.256 erika.scheltens[at]kuleuven.be More CWIS
AOW Stassart Petra 26439 GI: 493.12 01.256 petra.stassart[at]kuleuven.be More CWIS
AOW Van Beek Eric 29738 GI: 493.12 00.204 eric.vanbeek[at]kuleuven.be More CWIS
AOW Van Elsen Annemie 26433 GI: 493.12 01.257 annemie.vanelsen[at]kuleuven.be More CWIS
BNL Aerts Raf 77755 GI: 493.12 raf.aerts[at]bio.kuleuven.be More CWIS
BNL Calmeyn Annelies 29192 GI: 493.12 02.232 annelies.calmeyn[at]kuleuven.be More CWIS
BNL Cardellini Giuseppe 79412 GI: 493.12 03.234 giuseppe.cardellini[at]kuleuven.be More CWIS
BNL Casaer Jim   GI: 493.12 jim.casaer[at]kuleuven.be More CWIS
BNL, LVE Dalemans Floris 79097 GI: 493.12 03.236 floris.dalemans[at]kuleuven.be More CWIS
BNL Dangol Anuja 30931 GI: 493.12 02.231 anuja.dangol[at]kuleuven.be More CWIS
BNL Degerickx Jeroen 72194 GI: 493.12 03.228 jeroen.degerickx[at]kuleuven.be More CWIS
BNL De Meyer Annelies 29755 GI: 493.12 03.236 annelies.demeyer[at]kuleuven.be More CWIS
BNL Desie Ellen 76742 GI: 493.12 03.228 ellen.desie[at]kuleuven.be More CWIS
BNL Dewaelheyns Valerie 72166 GI: 493.12 02.231 valerie.dewaelheyns[at]kuleuven.be More CWIS
BNL De Wandeler Hans 29769 GI: 493.12 03.222 hans.dewandeler[at]kuleuven.be More CWIS
BNL Fremout Tobias 21523 GI: 493.12 03.222 tobias.fremout[at]kuleuven.be More CWIS
BNL Gabriels Karen 74374 GI: 493.12 03.236 karen.gabriels[at]kuleuven.be More CWIS
BNL Gelan Meron Tekalign 79193 GI: 493.12 merontekalign.gelan[at]kuleuven.be More CWIS
BNL Gielen Bie 29753 GI: 493.12 03.222 bie.gielen[at]kuleuven.be More CWIS
BNL Gruijthuijsen Wesley 72295 GI: 493.12 02.231 wesley.gruijthuijsen[at]kuleuven.be More CWIS
BNL Gulinck Hubert 29741 GI: 493.12 03.234 hubert.gulinck[at]kuleuven.be More CWIS
BNL Hawinkel Pieter 72288 GI: 493.12 03.231 pieter.hawinkel[at]kuleuven.be More CWIS
BNL Hermy Martin 29757 GI: 493.12 03.223 martin.hermy[at]kuleuven.be More CWIS
BNL Janssen Ellen 72312 GI: 493.12 03.232 ellen.janssen[at]kuleuven.be More CWIS
BNL Kint Vincent 30313 GI: 493.12 03.224 vincent.kint[at]kuleuven.be More CWIS
BNL Landburg Gwendolyn Annette   GI: 493.12 03.231 gwendolynanette.landburg[at]kuleuven.be More CWIS
BNL Marcheggiani Ernesto 79354 GI: 493.12 03.224 ernesto.marcheggiani[at]kuleuven.be More CWIS
BNL Meuleman Bart   GI: 493.12 b.meuleman[at]kuleuven.be More CWIS
BNL Moonen Pieter 72289 GI: 493.12 03.222 pieter.moonen[at]kuleuven.be More CWIS
BNL Muys Bart 29726 GI: 493.12 03.227 bart.muys[at]kuleuven.be More CWIS
BNL Negri Bernardino Paulo 25765 GI: 493.12 03.236 negribernardino.paulo[at]kuleuven.be More CWIS
BNL Ottoy Sam 29745 GI: 493.12 03.237 sam.ottoy[at]kuleuven.be More CWIS
BNL Pirker Johannes   GI: 493.12 johannes.pirker[at]kuleuven.be More CWIS
BNL Roelens Jennifer 76785 GI: 493.12 02.236 jennifer.roelens[at]kuleuven.be More CWIS
BNL Roffeis Martin 79399 GI: 493.12 03.234 martin.roffeis[at]kuleuven.be More CWIS
BNL Rombouts Bjorn 76510 GI: 493.12 03.236 bjorn.rombouts[at]kuleuven.be More CWIS
BNL Silva Ana Rita 77312 GI: 493.12 03.226 anarita.silva[at]kuleuven.be More CWIS
BNL Sindayihebura Anicet 27264 GI: 493.12 anicet.sindayihebura[at]kuleuven.be More CWIS
BNL Smets Vincent 74853 GI: 493.12 03.234 vincent.smets[at]kuleuven.be More CWIS
BNL Somers Ben 79101 GI: 493.12 03.225 ben.somers[at]kuleuven.be More CWIS
BNL Stas Michiel 20775 GI: 493.12 03.237 michiel.stas[at]kuleuven.be More CWIS
BNL Van Acker Joris   GI: 493.12 joris.vanacker[at]kuleuven.be More CWIS
BNL Vanbrabant Yasmin 73928 GI: 493.12 03.237 yasmin.vanbrabant[at]kuleuven.be More CWIS
BNL Vanden Berghe Ingrid   ingrid.vandenberghe[at]kuleuven.be More CWIS
BNL Van de Peer Thomas 77999 GI: 493.12 03.226 thomas.vandepeer[at]kuleuven.be More CWIS
BNL Vanderhaegen Koen 72285 GI: 493.12 03.231 koen.vanderhaegen[at]kuleuven.be More CWIS
BNL Vanierschot Laura 73266 GI: 493.12 03.234 laura.vanierschot[at]kuleuven.be More CWIS
BNL Van Meerbeek Koenraad   koenraad.vanmeerbeek[at]kuleuven.be More CWIS
BNL Vannoppen Astrid 24051 GI: 493.12 03.232 astrid.vannoppen[at]kuleuven.be More CWIS
BNL, SADL Van Orshoven Jos 29740 GI: 493.12 03.229 jos.vanorshoven[at]kuleuven.be More CWIS
BNL Vanstockem Jan 25964 GI: 493.12 03.232 jan.vanstockem[at]kuleuven.be More CWIS
BNL Vantomme Paul   GI: 493.12 03.224 paul.vantomme[at]kuleuven.be More CWIS
BNL Veintimilla Reyes Jaime Eduardo 74899 GI: 493.12 02.237 jaime.veintimilla[at]kuleuven.be More CWIS
BNL Verbist Bruno 29736 GI: 493.12 03.231 bruno.verbist[at]kuleuven.be More CWIS
BNL Yu Kang 77657 GI: 493.12 03.232 kang.yu[at]kuleuven.be More CWIS
BNL Zuo Juan 30511 GI: 493.12 03.228 juan.zuo[at]kuleuven.be More CWIS
BW Akurut Mary   GI: 493.12 mary.akurut[at]kuleuven.be More CWIS
BW Albers Pieter 72284 LBI: 331.01 02.214 pieter.albers[at]kuleuven.be More CWIS
BW Aloys Nyabwisho Kobusinge 20044 GI: 493.12 02.236 kobusingealoys.nyabwisho[at]kuleuven.be More CWIS
BW Aturinda Amos Wentaro 27270 LBI: 331.01 02.214 amoswentaro.aturinda[at]kuleuven.be More CWIS
BW Bechtold Michel 20167 GI: 493.12 02.234 michel.bechtold[at]kuleuven.be More CWIS
BW Bollyn Jessica 72044 LBI: 331.01 02.215 jessica.bollyn[at]kuleuven.be More CWIS
BW Bouillon Steven 26451 GI: 493.12 02.224 steven.bouillon[at]kuleuven.be More CWIS
BW, AOW Cassaert Karlien 21609 LBI: 331.01 01.04 karlien.cassaert[at]kuleuven.be More CWIS
BW, AOW Coorevits Kristin 21588 LBI: 331.01 02.48 kristin.coorevits[at]kuleuven.be More CWIS
BW, SADL Crabbé Ann 72172 GI: 493.12 02.231 ann.crabbe[at]kuleuven.be More CWIS
BW De Bauw Pieterjan 77624 LBI: 331.01 02.216 pieterjan.debauw[at]kuleuven.be More CWIS
BW Di Ciacca Antoine   LBI: 331.01 antoine.diciacca[at]kuleuven.be More CWIS
BW De Lannoy Gabrielle 76713 GI: 493.12 02.225 gabrielle.delannoy[at]kuleuven.be More CWIS
BW Deckers Seppe 29742 GI: 493.12 02.236 seppe.deckers[at]kuleuven.be More CWIS
BW De Clercq Tim 76622 LBI: 331.01 02.212 tim.declercq[at]kuleuven.be More CWIS
BW Diels Jan 29744 GI: 493.12 02.229 jan.diels[at]kuleuven.be More CWIS
BW Dondeyne Stefaan 72152 GI: 493.12 02.227 stefaan.dondeyne[at]kuleuven.be More CWIS
BW Dox Kris 77610 LBI: 331.01 02.215 kris.dox[at]kuleuven.be More CWIS
BW Dunon Vincent 72180 LBI: 331.01 02.210 vincent.dunon[at]kuleuven.be More CWIS
BW Elskens Marc   marc.elskens[at]kuleuven.be More CWIS
BW Everaert Maarten 79116 LBI: 331.01 02.211 maarten.everaert[at]kuleuven.be More CWIS
BW Fettweis Andreas 27301 LBI: 331.01 andreas.fettweis[at]kuleuven.be More CWIS
BW Garcia Perez Belen 26076 GI: 493.12 belen.garciaperez[at]kuleuven.be More CWIS
BW, GGR Geeraert Naomi 22579 GI: 493.12 naomi.geeraert[at]kuleuven.be More CWIS
BW Guzman Rangel Georgina 76521 LBI: 331.01 georgina.guzmanrangel[at]kuleuven.be More CWIS
BW Grauwels Dries 79562 LBI: 331.01 02.210 dries.grauwels[at]kuleuven.be More CWIS
BW Horemans Benjamin 29675 LBI: 331.01 02.215 benjamin.horemans[at]kuleuven.be More CWIS
BW Jorda Guerra Helena 77722 GI: 493.12 02.234 helena.jordaguerra[at]kuleuven.be More CWIS
BW, AOW Kelemen Zita 26415 GI: 493.12 02.232 zita.kelemen[at]kuleuven.be More CWIS
BW Kerre Bart 72398 LBI: 331.01 bart.kerre[at]kuleuven.be More CWIS
BW Legass Ayalew Talema 72708 GI: 493.12 02.236 ayalewtalema.legass[at]kuleuven.be More CWIS
BW Lemoine Lynn 77818 LBI: 331.01 02.215 lynn.lemoine[at]kuleuven.be More CWIS
BW Lerner Harry 72648 LBI: 331.01 harry.lerner[at]kuleuven.be More CWIS
BW Masunga Habai Rafael 72489 LBI: 331.01 habairafael.masunga[at]kuleuven.be More CWIS
BW Merckx Roel 21605 LBI: 331.01 02.112 roel.merckx[at]kuleuven.be More CWIS
BW Meya Akida Ignas   LBI: 331.01 akidaignas.meya[at]student.kuleuven.be More CWIS
BW Miserez Audrey   GI: 493.12 02.236 audrey.miserez[at]kuleuven.be More CWIS
BW Mitiku Shetie Gatew 74623 GI: 493.12 02.236 shetiegatew.mitiku[at]kuleuven.be More CWIS
BW Moens Claudia 77044 LBI: 331.01 02.214 claudia.moens[at]kuleuven.be More CWIS
BW Montalvo Grijalva Daniel   LBI: 331.01 daniela.montalvogrijalva[at]kuleuven.be More CWIS
BW, AOW Moors Karla 72156 LBI: 331.01 02.48 karla.moors[at]kuleuven.be More CWIS
BW Morana Cedric 72200 GI: 493.12 02.232 cedric.morana[at]kuleuven.be More CWIS
BW Nawara Sophie 72399 LBI: 331.01 sophie.nawara[at]kuleuven.be More CWIS
BW Negri Camilla   GI: 493.12 camilla.negri[at]student.kuleuven.be More CWIS
BW Niyuhire Marie-Chantal 74730 LBI: 331.01 mariechantal.niyuhire[at]kuleuven.be More CWIS
BW Njoroge Ruth   LBI: 331.01 ruth.njoroge[at]kuleuven.be More CWIS
BW Nolla Ardevol Vimac 74747 LBI: 331.01 02.214 vimac.nollaardevol[at]kuleuven.be More CWIS
BW Plevoets Joeri 20070 LBI: 331.01 02.210 joeri.plevoets[at]kuleuven.be More CWIS
BW Quets Jan 25409 GI: 493.12 02.234 jan.quets[at]kuleuven.be More CWIS
BW Raes Bart 77019 LBI: 331.01 02.216 bart.raes[at]kuleuven.be More CWIS
BW Raes Dirk 29743 GI: 493.12 02.227 dirk.raes[at]kuleuven.be More CWIS
BW Romero Perez Grovas Ricardo   LBI: 331.01 ricardo.romeroperezgrovas[at]kuleuven.be More CWIS
BW Schmitter Petra 73787 LBI: 331.01 petra.schmitter[at]kuleuven.be More CWIS
BW, AOW Schoovaerts Frans 29676 LBI: 331.01 frans.schoovaerts[at]kuleuven.be More CWIS
BW Shehu Bello Muhammad 20794 LBI: 331.01 02.216 bellomuhammad.shehu[at]kuleuven.be More CWIS
BW Shimamura Erina 79070 LBI: 331.01 erina.shimamura[at]kuleuven.be More CWIS
BW Smolders Erik 29677 LBI: 331.01 02.213 erik.smolders[at]kuleuven.be More CWIS
BW Soto Arrojo David 20971 GI: 493.12 02.232 david.soto[at]kuleuven.be More CWIS
BW Springael Dirk 21604 LBI: 331.01 02.111 dirk.springael[at]kuleuven.be More CWIS
BW T'Syen Jeroen   LBI: 331.01 jeroen.tsyen[at]kuleuven.be More CWIS
BW, LVE Turkelboom Francis   GI: 493.12 francis.turkelboom[at]kuleuven.be More CWIS
BW Uematsu Shinichiro   LBI: 331.01 shinichiro.uematsu[at]kuleuven.be More CWIS
BW Van Cleemput Elisa 79304 GI: 493.12 elisa.vancleemput[at]kuleuven.be More CWIS
BW Van Gaelen Hanne 26456 GI: 493.12 02.237 hanne.vangaelen[at]kuleuven.be More CWIS
BW Vancampenhout Karen   GI: 493.12 02.236 karen.vancampenhout[at]kuleuven.be More CWIS
BW Vanderborght Jan 72149 GI: 493.12 02.227 jan.vanderborght[at]kuleuven.be More CWIS
BW Vandermaesen Joke 72296 LBI: 331.01 02.210 joke.vandermaesen[at]kuleuven.be More CWIS
BW Vanhove Daan 72179 GI: 493.12 02.226 daan.vanhove[at]kuleuven.be More CWIS
BW Vanuytrecht Eline 72183 GI: 493.12 02.227 eline.vanuytrecht[at]kuleuven.be More CWIS
BW Verbeeck Mieke 79533 LBI: 331.01 02.212 mieke.verbeeck[at]kuleuven.be More CWIS
BW Verdonck Jasper 77776 LBI: 331.01 jasper.verdonck[at]kuleuven.be More CWIS
BW Verheyen Dries   GI: 493.12 02.237 dries.verheyen[at]kuleuven.be More CWIS
BW Vermeiren Charlotte 76990 LBI: 331.01 02.211 charlotte.vermeiren[at]kuleuven.be More CWIS
BW Warrinnier Ruben 77033 LBI: 331.01 02.214 ruben.warrinnier[at]kuleuven.be More CWIS
BW Willaert Bernd 29166 LBI: 331.01 bernd.willaert[at]kuleuven.be More CWIS
BW Wyseure Guido 29661 GI: 493.12 02.228 guido.wyseure[at]kuleuven.be More CWIS
CGB, AOW Luypaers Steven 26410 GI: 493.12 00.244 steven.luypaers[at]kuleuven.be More CWIS
GGR Aalbers Manuel 26420 GI: 493.12 02.247 manuel.aalbers[at]kuleuven.be More CWIS
GGR Adiyia Bright 79395 GI: 493.12 03.254 bright.adiyia[at]kuleuven.be More CWIS
GGR Arundel Rowan 73416 GI: 493.12 02.252 rowan.arundel[at]kuleuven.be More CWIS
GGR Awuh Harrison   GI: 493.12 02.252 harrison.awuh[at]student.kuleuven.be More CWIS
GGR Bakema Melanie 73675 GI: 493.12 02.257 melanie.bakema[at]kuleuven.be More CWIS
GGR Bernatek-Jakiel Anita   GI: 493.12 03.257 anita.bernatekjakiel[at]student.kuleuven.be More CWIS
GGR Bi Lingling 21197 GI: 493.12 02.252 lingling.bi[at]kuleuven.be More CWIS
GGR, LVE Bono Federica 22426 GI: 493.12 02.254 federica.bono[at]kuleuven.be More CWIS
GGR, AOW Boon Johan 26431 GI: 493.12 01.244 johan.boon[at]kuleuven.be More CWIS
GGR Broeckx Jente 79219 GI: 493.12 03.252 jente.broeckx[at]kuleuven.be More CWIS
GGR Broothaerts Nils 72286 GI: 493.12 03.251 nils.broothaerts[at]kuleuven.be More CWIS
GGR Büdenbender Mirjam   mirjam.budenbender[at]kuleuven.be More CWIS
GGR Busscher Nienke 72738 GI: 493.12 nienke.busscher[at]kuleuven.be More CWIS
GGR Cabus Peter   GI: 493.12 peter.cabus[at]kuleuven.be More CWIS
GGR Campforts Benjamin 26426 GI: 493.12 03.254 benjamin.campforts[at]kuleuven.be More CWIS
GGR Canters Frank   frank.canters[at]kuleuven.be More CWIS
GGR Cassiers Tim 22434 GI: 493.12 02.242 tim.cassiers[at]kuleuven.be More CWIS
GGR Chatterjee Fabien 72300 GI: 493.12 03.252 fabien.chatterjee[at]kuleuven.be More CWIS
GGR Cherenet Kefelegn   GI: 493.12 03.254 kefelegn.cherenet[at]kuleuven.be More CWIS
GGR Cox Marjolein 79099 GI: 493.12 03.256 marjolein.cox[at]kuleuven.be More CWIS
GGR De Craene Valerie 22444 GI: 493.12 02.242 valerie.decraene[at]kuleuven.be More CWIS
GGR Demuzere Matthias 26424 GI: 493.12 03.242 matthias.demuzere[at]kuleuven.be More CWIS
GGR Feng Ran 72703 GI: 493.12 02.251 ran.feng[at]kuleuven.be More CWIS
GGR Fernandez Rodrigo 79511 GI: 493.12 02.252 rodrigo.fernandez[at]kuleuven.be More CWIS
GGR, AOW Fondu Lore 26419 GI: 493.12 00.244 lore.fondu[at]kuleuven.be More CWIS
GGR Fungloy Kimberley Stacy 76525 GI: 493.12 03.252 kimberleystacy.fungloy[at]kuleuven.be More CWIS
GGR Girao Rodriguez de Mello Natalia   GI: 493.12 02.242 natalia.giraorodriguesdemello[at]kuleuven.be More CWIS
GGR Goossens Dirk 72151 GI: 493.12 03.242 dirk.goossens[at]kuleuven.be More CWIS
GGR Gossart Alexandra 76549 GI: 493.12 03.242 alexandra.gossart[at]kuleuven.be More CWIS
GGR Govers Gerard 26423 GI: 493.12 03.243 gerard.govers[at]kuleuven.be More CWIS
GGR Guimaraes Luis   GI: 493.12 luis.guimaraes[at]student.kuleuven.be More CWIS
GGR, TOER Hermans Elke   GI: 493.12 02.249 elke.hermans[at]kuleuven.be More CWIS
GGR Hofman Annelore   annelore.hofman[at]kuleuven.be More CWIS
GGR Iotti Anne-Sophie   GI: 493.12 02.251 annesophie.iotti[at]student.kuleuven.be More CWIS
GGR Janusz Katarzyna 77876 GI: 493.12 02.256 katarzyna.janusz[at]kuleuven.be More CWIS
GGR Kenis Anneleen 28147 GI: 493.12 02.254 anneleen.kenis[at]kuleuven.be More CWIS
GGR Kervyn Matthieu   matthieu.kervyn[at]kuleuven.be More CWIS
GGR Kesteloot Chris 22432 GI: 493.12 02.245 chris.kesteloot[at]kuleuven.be More CWIS
GGR Kocabiyik Cosku 24165 GI: 493.12 02.256 cosku.kocabiyik[at]kuleuven.be More CWIS
GGR Lenaerts Jan 72309 GI: 493.12 03.252 jan.lenaerts1[at]kuleuven.be More CWIS
GGR Lhermitte Stefaan 22980 GI: 493.12 03.242 stef.lhermitte[at]kuleuven.be More CWIS
GGR Loopmans Maarten 22433 GI: 493.12 02.243 maarten.loopmans[at]kuleuven.be More CWIS
GGR Lozano Flores Liliana 25655 GI: 493.12 02.251 lilianaelisabeth.lozanoflores[at]kuleuven.be More CWIS
GGR, SLO Maertens Marleen 76327 GI: 493.12 03.248 marleen.maertens[at]wet.kuleuven.be More CWIS
GGR Maes Jan 77872 GI: 493.12 03.256 maes.jan[at]kuleuven.be More CWIS
GGR Martens Lotte   GI: 493.12 03.248 lotte.martens[at]kuleuven.be More CWIS
GGR Molina Verdugo Armando   GI: 493.12 03.254 armando.molinaverdugo[at]kuleuven.be More CWIS
GGR, STR Moris Marjan   GI: 493.12 marjan.moris[at]kuleuven.be More CWIS
GGR Mosciaro Mayra   GI: 493.12 mayra.ribeiromosciaro[at]student.kuleuven.be More CWIS
GGR Nemadire Svongwa 76278 GI: 493.12 02.256 svongwa.nemadire[at]kuleuven.be More CWIS
GGR Nieto Romero Marta 74828 GI: 493.12 marta.nietoromero[at]kuleuven.be More CWIS
GGR Notebaert Bastiaan 29774 GI: 493.12 03.251 bastiaan.notebaert[at]kuleuven.be More CWIS
GGR Parra Novoa Constanza 79550 GI: 493.12 02.248 constanza.parra[at]kuleuven.be More CWIS
GGR Paulissen Etienne 72390 GI: 493.12 01.204 etienne.paulissen[at]kuleuven.be More CWIS
GGR Poesen Jean 26425 GI: 493.12 03.246 jean.poesen[at]kuleuven.be More CWIS
GGR, AOW Porchetta Sara 76555 GI: 493.12 sara.porchetta[at]kuleuven.be More CWIS
GGR Robinet Jérémy 77875 GI: 493.12 03.252 jeremy.robinet[at]kuleuven.be More CWIS
GGR Rodríguez Girón Juan Santiago 76770 GI: 493.12 02.256 juansantiago.rodriguezgiron[at]kuleuven.be More CWIS
GGR Saeed Sajjad 22430 GI: 493.12 03.252 sajjad.saeed[at]kuleuven.be More CWIS
GGR Schuermans Nick 72158 GI: 493.12 02.242 nick.schuermans[at]kuleuven.be More CWIS
GGR Smaliychuk Anatoliy   GI: 493.12 03.252 anatoliy.smaliychuk[at]student.kuleuven.be More CWIS
GGR Souverijns Niels 73836 GI: 493.12 03.252 niels.souverijns[at]kuleuven.be More CWIS
GGR Spijker Stephanie Nuria 72633 GI: 493.12 02.257 nuria.spijker[at]kuleuven.be More CWIS
GGR Spijkers Floor 72305 GI: 493.12 02.242 floor.spijkers[at]kuleuven.be More CWIS
GGR Steegen An 22429 GI: 493.12 03.249 an.steegen[at]kuleuven.be More CWIS
GGR Stoffelen Arie 22425 GI: 493.12 02.251 arie.stoffelen[at]kuleuven.be More CWIS
GGR Sun Jiaqian   GI: 493.12 03.256 jiagian.sun[at]student.kuleuven.be More CWIS
GGR Swinnen Ward 74855 GI: 493.12 03.251 ward.swinnen[at]kuleuven.be More CWIS
GGR Tenorio Poma Gustavo   GI: 493.12 03.257 gustavo.tenorio[at]student.kuleuven.be More CWIS
GGR Thiery Wim 72304 GI: 493.12 wim.thiery[at]kuleuven.be More CWIS
GGR Topcu Berra   GI: 493.12 02.242 berra.topcu[at]student.kuleuven.be More CWIS
GGR, TOER Van Broeck Anne-Marie   GI: 493.12 02.249 annemarie.vanbroeck[at]kuleuven.be More CWIS
GGR Van de Broek Marijn 79411 GI: 493.12 03.257 marijn.vandebroek[at]kuleuven.be More CWIS
GGR van der Borg Jan 22431 GI: 493.12 02.244 jan.vanderborg[at]kuleuven.be More CWIS
GGR van der Zee Egbert 72308 GI: 493.12 02.254 egbert.vanderzee[at]kuleuven.be More CWIS
GGR van Heur Bas   GI: 493.12 bas.vanheur[at]kuleuven.be More CWIS
GGR Van Loon Jannes 79375 GI: 493.12 02.252 jannes.vanloon[at]kuleuven.be More CWIS
GGR Van Tricht Kristof 26437 GI: 493.12 kristof.vantricht[at]kuleuven.be More CWIS
GGR Vanden Broucke Sam 72389 GI: 493.12 03.257 sam.vandenbroucke[at]kuleuven.be More CWIS
GGR, AOW Vandenhoeck Hilde 22439 GI: 493.12 01.244 hilde.vandenhoeck[at]kuleuven.be More CWIS
GGR Van Hecke Etienne 22441 GI: 493.12 01.204 etienne.vanhecke[at]kuleuven.be More CWIS
GGR, STR Vanlangendonck Marc   GI: 493.12 marc.vanlangendonck[at]kuleuven.be More CWIS
GGR van Lipzig Nicole 26453 GI: 493.12 03.247 nicole.vanlipzig[at]kuleuven.be More CWIS
GGR Van Loo Maarten 79107 GI: 493.12 03.257 maarten.vanloo[at]kuleuven.be More CWIS
GGR Vanmaercke Matthias 72167 GI: 493.12 03.256 matthias.vanmaercke[at]kuleuven.be More CWIS
GGR Vanneste Dominique 22442 GI: 493.12 02.246 dominique.vanneste[at]kuleuven.be More CWIS
GGR Vannoppen Wouter 77723 GI: 493.12 03.251 wouter.vannoppen[at]kuleuven.be More CWIS
GGR Van Rompaey Anton 26403 GI: 493.12 03.244 anton.vanrompaey[at]kuleuven.be More CWIS
GGR Vermeersch Pierre   GI: 493.12 01.204 pierre.vermeersch[at]kuleuven.be More CWIS
GGR, SLO Verstappen Hannelore 76291 GI: 493.12 03.248 hannelore.verstappen[at]kuleuven.be More CWIS
GGR Verstraelen Annelies 26643 GI: 493.12 03.251 annelies.verstraelen[at]kuleuven.be More CWIS
GGR Verstraeten Gert 26411 GI: 493.12 03.245 gert.verstraeten[at]kuleuven.be More CWIS
GGR Wang Xiaoyan   GI: 493.12 xiaoyan.wang[at]student.kuleuven.be More CWIS
GGR Ward Callum 77913 GI: 493.12 02.256 callum.ward[at]kuleuven.be More CWIS
GGR Wijburg Gertjan 72115 GI: 493.12 02.252 gertjan.wijburg[at]kuleuven.be More CWIS
GGR, VITO Wouters Hendrik 72192 GI: 493.12 03.256 hendrik.wouters[at]kuleuven.be More CWIS
GGR, SADL Zalamea Patino Olga 77860 GI: 493.12 02.231 olga.zalameapatino[at]kuleuven.be More CWIS
GGR Zhang Yunpeng 23782 GI: 493.12 02.257 yunpeng.zhang[at]kuleuven.be More CWIS
GLG Adriaens Rieko 26442 GI: 493.12 03.217 rieko.adriaens[at]kuleuven.be More CWIS
GLG Aratman Cihan 76262 GI: 493.12 02.212 cihan.aratman[at]kuleuven.be More CWIS
GLG Blomme Annelore 72297 GI: 493.12 03.212 annelore.blomme[at]kuleuven.be More CWIS
GLG Blomme Katreine 77984 GI: 493.12 02.203 katreine.blomme[at]kuleuven.be More CWIS
GLG Braekmans Dennis 23089 GI: 493.12 03.202 dennis.braekmans[at]kuleuven.be More CWIS
GLG, CGB Brems Dieter 27797 GI: 493.12 02.207 dieter.brems[at]kuleuven.be More CWIS
GLG Chwast Jacek 72301 GI: 493.12 02.202 jacek.chwast[at]kuleuven.be More CWIS
GLG Claes Hannes 72178 GI: 493.12 02.216 hannes.claes[at]kuleuven.be More CWIS
GLG, CGB Degryse Patrick 26460 GI: 493.12 03.205 patrick.degryse[at]kuleuven.be More CWIS
GLG Deprez Arne 72195 GI: 493.12 03.214 arne.deprez[at]kuleuven.be More CWIS
GLG Dillis Sarah 74829 GI: 493.12 03.212 sarah.dillis[at]kuleuven.be More CWIS
GLG Elsen Jan 27581 GI: 493.12 03.209 jan.elsen[at]kuleuven.be More CWIS
GLG Faÿ-Gomord Ophelie 27586 GI: 493.12 02.203 ophelie.faygomord[at]kuleuven.be More CWIS
GLG Foubert Anneleen   GI: 493.12 anneleen.foubert[at]kuleuven.be More CWIS
GLG Fowler Sarah 27587 GI: 493.12 02.204 sarah.fowler[at]kuleuven.be More CWIS
GLG Golreihan Asefeh 72391 GI: 493.12 02.209 asefeh.golreihan[at]student.kuleuven.be More CWIS
GLG Haest Pieter Jan   GI: 493.12 03.216 pieterjan.haest[at]kuleuven.be More CWIS
GLG Hamaekers Helen 76860 GI: 493.12 02.216 helen.hamaekers[at]kuleuven.be More CWIS
GLG Hertogen Jan   GI: 493.12 03.208 jan.hertogen[at]kuleuven.be More CWIS
GLG Hollanders Sofie 72282 GI: 493.12 03.217 sofie.hollanders[at]kuleuven.be More CWIS
GLG Honlet Robin 77986 GI: 493.12 02.214 robin.honlet[at]kuleuven.be More CWIS
GLG Hulsbosch Niels 72290 GI: 493.12 02.202 niels.hulsbosch[at]kuleuven.be More CWIS
GLG, VUB Huysmans Marijke 72155 GI: 493.12 03.208 marijke.huysmans[at]kuleuven.be More CWIS
GLG Jacques Dominique 72173 GI: 493.12 02.217 dominique.jacques[at]kuleuven.be More CWIS
GLG Janssens Nick 74385 GI: 493.12 02.214 nick.janssens[at]kuleuven.be More CWIS
GLG Lemmens Laurent Leon 73019 GI: 493.12 03.216 laurentleon.lemmens[at]kuleuven.be More CWIS
GLG Mancini Alessandro 21744 GI: 493.12 alessandro.mancini[at]kuleuven.be More CWIS
GLG Marques Erthal Marcelle 79354 GI: 493.12 02.216 marcelle.marquesethal[at]kuleuven.be More CWIS
GLG Maupas Elisa 79032 GI: 493.12 03.217 elisa.maupas[at]kuleuven.be More CWIS
GLG Minor Alexander 77456 GI: 493.12 02.217 alexander.minor[at]kuleuven.be More CWIS
GLG Mohammadi Zahra   GI: 493.12 02.212 zahra.mohammadi[at]student.kuleuven.be More CWIS
GLG Muchez Philippe 27584 GI: 493.12 02.205 philippe.muchez[at]kuleuven.be More CWIS
GLG, AOW Nijs Herman 27591 GI: 493.11 00.77 herman.nijs[at]kuleuven.be More CWIS
GLG Paredis Bram 72808 GI: 493.12 03.216 bram.paredis[at]kuleuven.be More CWIS
GLG Rademakers Frederik 74545 GI: 493.12 03.211 frederik.rademakers[at]kuleuven.be More CWIS
GLG Schittekat Jacques   GI: 493.12 jacques.schittekat[at]kuleuven.be More CWIS
GLG Scott Becki 27259 GI: 493.12 03.212 becki.scott[at]kuleuven.be More CWIS
GLG Selçuk Erol   GI: 493.12 02.211 selcuk.erol[at]vito.be More CWIS
GLG Sintubin Manuel 26447 GI: 493.12 02.208 manuel.sintubin[at]kuleuven.be More CWIS
GLG Soete Jeroen 27796 GI: 493.12 02.216 jeroen.soete[at]kuleuven.be More CWIS
GLG Speijer Robert 26404 GI: 493.12 03.206 robert.speijer[at]kuleuven.be More CWIS
GLG Stassen Peter 26452 GI: 493.12 03.214 peter.stassen[at]kuleuven.be More CWIS
GLG, AOW Steeno Dirk 27588 GI: 493.11 00.89 dirk.steeno[at]kuleuven.be More CWIS
GLG Steurbaut Etienne   GI: 493.12 etienne.steurbaut[at]kuleuven.be More CWIS
GLG Stienaers Anneleen 73690 GI: 493.12 03.212 anneleen.stienaers[at]kuleuven.be More CWIS
GLG Swennen Rudy 27583 GI: 493.12 02.206 rudy.swennen[at]kuleuven.be More CWIS
GLG Torok Agi 77601 GI: 493.12 02.203 agi.torok[at]kuleuven.be More CWIS
GLG Turimumahoro Denis   GI: 493.12 02.211 denis.turimumahoro[at]student.kuleuven.be More CWIS
GLG Van Bael Rik 77889 GI: 493.12 03.216 rik.vanbael[at]kuleuven.be More CWIS
GLG Van Daele Johanna 72567 GI: 493.12 02.211 johanna.vandaele[at]kuleuven.be More CWIS
GLG Van Der Voet Eva 29189 GI: 493.12 02.212 eva.vandervoet[at]kuleuven.be More CWIS
GLG Van Ham-Meert Alicia 72333 GI: 493.12 03.211 alicia.vanhammeert[at]kuleuven.be More CWIS
GLG Vandenberghe Noël 26438 GI: 493.12 03.208 noel.vandenberghe[at]kuleuven.be More CWIS
GLG Van de Vijver Katrien 72165 GI: 493.12 01.249 katrien.vandevijver[at]kuleuven.be More CWIS
GLG Vandewijngaerde Wim 77877 GI: 493.12 02.212 wim.vandewijngaerde[at]kuleuven.be More CWIS
GLG, AOW Vassilieva Elvira 27592 GI: 493.11 01.75 elvira.vassilieva[at]kuleuven.be More CWIS
GLG Vellekoop Johan 77780 GI: 493.12 03.207 johan.vellekoop[at]kuleuven.be More CWIS
GLG Verhaegen Jasper 26358 GI: 493.12 03.216 jasper.verhaegen[at]kuleuven.be More CWIS
GLG Vos Koen   GI: 493.12 03.216 koen.vos[at]kuleuven.be More CWIS
GLG Welkenhuysen Kris   GI: 493.12 kris.welkenhuysen[at]student.kuleuven.be More CWIS
GLG Weltje Gert Jan 79534 GI: 493.12 03.204 gertjan.weltje[at]kuleuven.be More CWIS
GLG, AOW Weyns Nancy 72150 GI: 493.11 00.72 nancy.weyns[at]kuleuven.be More CWIS
GLG Wijnen Joost 74843 GI: 493.12 joost.wijnen[at]kuleuven.be More CWIS
GLG, AOW Willems Greet 26454 GI: 493.12 01.244 greet.willems[at]kuleuven.be More CWIS
GLG Woelders Lineke 79397 GI: 493.12 03.214 lineke.woelders[at]kuleuven.be More CWIS
GLG Wossenyeleh Buruk Kitachew 77359 GI: 493.12 03.217 burukkitachew.wossenyeleh[at]kuleuven.be More CWIS
LVE Abdissa Fikadu Mitiku 79376 GI: 493.12 00.01.210 fikadumitiku.abdissa[at]kuleuven.be More CWIS
LVE Akoyi Kevin Teopista 72311 GI: 493.12 00.01.206 kevinteopista.akoyi[at]student.kuleuven.be More CWIS
LVE Avermaete Tessa SMJ 72175 GI: 493.12 00.01.205 tessa.avermaete[at]kuleuven.be More CWIS
LVE Begazo Curie Karin   GI: 493.12 00.01.204 karin.begazocurie[at]student.kuleuven.be More CWIS
LVE Bonjean Isabelle 74795 GI: 493.12 00.01.205 isabelle.bonjean[at]kuleuven.be More CWIS
LVE Brzezina Natalia Karolina 77867 GI: 493.12 00.01.211 natalia.brzezina[at]kuleuven.be More CWIS
LVE Gamboa Barraza Cindybell Dione   GI: 493.12 00.01.206 cindybelldione.gamboabarraza[at]student.kuleuven.be More CWIS
LVE Gezahegn Tafesse Weldeegziena 26448 GI: 493.12 00.01.206 tafesseweldeegziena.gezahegn[at]kuleuven.be More CWIS
LVE Moses Kakungulu 79271 GI: 493.12 00.01.244 kakungulu.kakungulu[at]kuleuven.be More CWIS
LVE, BNL Lerouge Frederik 29772 GI: 493.12 00.01.259 frederik.lerouge[at]kuleuven.be More CWIS
LVE Lievens Eewoud 26335 GI: 493.12 00.01.244 eewoud.lievens[at]kuleuven.be More CWIS
LVE Llacsahuanga Carrasco Diana   GI: 493.12 00.01.259 diana.llacsahuangacarrasco[at]student.kuleuven.be More CWIS
LVE Maertens Miet 26536 GI: 493.12 00.01.208 miet.maertens[at]kuleuven.be More CWIS
LVE Mathijs Erik 21450 GI: 493.12 00.01.209 erik.mathijs[at]kuleuven.be More CWIS
LVE Mertens Kewan 77870 GI: 493.12 00.01.244 kewan.mertens[at]kuleuven.be More CWIS
LVE Oyakhilomen Oyinbo 72664 GI: 493.12 00.01.259 oyakhilomen.oyinbo[at]kuleuven.be More CWIS
LVE Papangelou Anastasia 76775 GI: 493.12 00.01.204 anastasia.papangelou[at]kuleuven.be More CWIS
LVE Quinney Marie 24943 GI: 493.12 00.01.244 marie.quinney[at]kuleuven.be More CWIS
LVE Taboada Belmonte Gloria 76582 GI: 493.12 gloria.taboadabelmonte[at]kuleuven.be More CWIS
LVE Tollens Eric   eric.tollens[at]kuleuven.be More CWIS
LVE Tafesse Genaye Tsegaye 27622 GI: 493.12 genayetsegaye.tafesse[at]kuleuven.be More CWIS
LVE Van den Broeck Goedele 22397 GI: 493.12 00.01.211 goedele.vandenbroeck[at]kuleuven.be More CWIS
LVE Van Hoyweghen Kaat 26841 GI: 493.12 00.01.244 kaat.vanhoyweghen[at]kuleuven.be More CWIS
LVE Vanermen Iris 73716 GI: 493.12 00.01.244 iris.vanermen[at]kuleuven.be More CWIS
LVE Vanzavelberg Godelieve 29735 GI: 493.12 01.278 godelieve.vanzavelberg[at]kuleuven.be More CWIS
LVE Vranken Liesbet 22395 GI: 493.12 00.01.207 liesbet.vranken[at]kuleuven.be More CWIS
LVE Zwart Tjitske Anna 26227 GI: 493.12 00.01.205 tjitskeanna.zwart[at]kuleuven.be More CWIS
PRE, GGR Lambrechts Arlette   GI: 493.12 01.204 arlette.lambrechts[at]kuleuven.be More CWIS
PRE Vanmontfort Bart 26458 GI: 493.12 01.242 bart.vanmontfort[at]kuleuven.be More CWIS
PRE Van Peer Philip 26412 GI: 493.12 01.236 philip.vanpeer[at]kuleuven.be More CWIS
PRE Willems Mark 26422 GI: 493.12 01.242 mark.willems[at]arts.kuleuven.be More CWIS
SADL Engelen Ludo 29732 GI: 493.12 01.257 ludo.engelen[at]kuleuven.be More CWIS
SADL, BNL Keijers Stijn 72154 GI: 493.12 01.242 stijn.keijers[at]kuleuven.be More CWIS
SADL Steenberghen Thérèse 29747 GI: 493.12 02.223 therese.steenberghen[at]kuleuven.be More CWIS
SADL, BW Vandenbroucke Danny 29731 GI: 493.12 02.222 danny.vandenbroucke[at]kuleuven.be More CWIS
Former Staff
AOW Mattheus Ria   GI: 493.12 ria.mattheus[at]gep.kuleuven.be Meer  
AOW Mottoul Marie-Rose   GI: marie-rose.mottoul[at]gep.kuleuven.be Meer  
AOW Vandael Jan   GI: 493.12 jan.vandael[at]kuleuven.be Meer  
AOW Van Horebeek Hilda   GI: 493.12 hilda.vanhorebeek[at]gep.kuleuven.be Meer  
AOW Wilanowska Agnieszka 27969 GI: 493.12 01.258 agnieszka.wilanowska[at]kuleuven.be Meer  
BNL Achten Wouter   GI: 493.12 Meer  
BNL Aertsen Wim   GI: 493.12 Meer  
BNL Almeida Joana   GI: 493.12 Meer  
BNL Bomans Kirsten   GI: 493.12 Meer  
BNL Borremans Lieve   GI: 493.12 Meer  
BNL Brosius Bart   GI: Meer  
BNL Buytaert Veerle   GI: 493.12 veerle.buytaert[at]kuleuven.be Meer  
BNL Debruyn Walter   GI: 493.12 Meer  
BNL De Cauwer Vera   GI: 493.12 Meer  
BNL Gebremedhin Giday Kidane   GI: 493.12 Meer  
BNL Gelan Meron   GI: 493.12 Meer  
BNL Giday Gebremedhin Kidane   GI: 493.12 Meer  
BNL, SADL Heremans Stien   GI: 493.12 Meer  
BNL Lemmens Kris   GI: 493.12 Meer  
BNL Nunes Nuno Lapa   GI: 493.12 Meer  
BNL, AOW Opdebeeck Jorgen   GI: 493.12 jorgen.opdebeeck[at]kuleuven.be Meer  
BNL Soto Iria   GI: 493.12 iria.soto[at]kuleuven.be Meer  
BNL Thijs Koen   GI: 493.12 Meer  
BNL Trabucco Antonio   GI: Meer  
BNL Valada Tatiana   GI: 493.12 tatiana.valada[at]kuleuven.be Meer  
BNL Van Mechelen Carmen   GI: 493.12 Meer  
BNL Verboven Hans   GI: 493.12 Meer  
BNL Verhoeve Anna   GI: 493.12 Meer  
BW Bachir-Bey Nassim 76992 GI: 331.01 Meer  
BW Baetens Evert 72971 GI: 493.12 02.236 evert.baetens[at]kuleuven.be Meer  
BW Baken Stijn   GI: 331.01 Meer  
BW Lawal Bassam 79280 GI: 493.12 02.234 bassam.lawal[at]kuleuven.be Meer  
BW Bonan Bertrand   GI: 493.12 bertrand.bonan[at]kuleuven.be Meer  
BW Croonenborghs Nathan   GI: Meer  
BW De Schamphelaere Kristine   GI: 493.12 Meer  
BW Evers Steffie 76901 GI: 331.01 steffie.evers[at]kuleuven.be Meer  
BW Fiwa Lameck   GI: 493.12 Meer  
BW Gao Chuan 21630 GI: 331.01 02.212 chuan.gao[at]kuleuven.be Meer  
BW Hamels Fanny   GI: 333.01 Meer  
BW Iniguez Moran Vicente Mauricio   GI: 493.12 vicentemauricio[at]student.kuleuven.be Meer  
BW Marwick Trent Richard   GI: 493.12 Meer  
BW Okuku Eric   GI: 493.12 Meer  
BW, GGR Omengo Fred Ochieng   GI: 493.12 fredochieng.omengo[at]kuleuven.be Meer  
BW Ozturk Basak   GI: 331.01 Meer  
BW Paul Laiby   GI: 331.01 Meer  
BW Philips Jo   GI: 331.01 Meer  
BW Qiu Hao   GI: 331.01 hao.qiu[at]kuleuven.be Meer  
BW, LVE Romero Perez Grovas Ricardo   GI: 493.12 Meer  
BW Ryckeboer Jaak   GI: 331.01 jaak.ryckeboer[at]kuleuven.be Meer  
BW, AOW Salaets Peter 72163 GI: peter.salaets[at]biw.kuleuven.be Meer  
BW Segers Kaatje   GI: 493.12 Meer  
BW Sekhar Aswini   GI: 331.01 aswini.sekhar[at]kuleuven.be Meer  
BW Shrestha Nirman   GI: 493.12 nirman.shrestha[at]kuleuven.be Meer  
BW Teodoru Cristian Raducu   GI: 493.12 Meer  
BW Van Opstal Mattias   GI: 493.12 Meer  
BW Vandermeeren Pieter 2 GI: 331.01 pieter.vandermeeren[at]kuleuven.be Meer  
BW Van Gaelen Nele   GI: 493.12 Meer  
BW Van Overtveld Koen   GI: 493.12 Meer  
BW Vansteenkiste Joachim   GI: 493.12 joachim.vansteenkiste[at]kuleuven.be Meer  
BW Versieren Liske   GI: 331.01 Meer  
BW Zhang Peihua   GI: 331.01 peihua.zhang[at]kuleuven.be Meer  
GGR Peixoto de Barros Cláudia Alessandra   GI: 493.12 Meer  
GGR Akkermans Tom   GI: 493.12 Meer  
GGR Devis Annemarie   GI: 493.12 Meer  
GGR Brisson Erwan   GI: 493.12 Meer  
GGR, STR Bryon Jeroen   GI: 493.12 Meer  
GGR Burian Libor   GI: 493.12 Meer  
GGR Camatti Nicola   GI: 493.12 Meer  
GGR Danso-Wiredu Esther   GI: 493.12 Meer  
GGR De Roo Lieven   GI: lieven.deroo[at]kuleuven.be Meer  
GGR De Brue Hanne   GI: 493.12 hanne.debrue[at]kuleuven.be Meer  
GGR Debruyne Pascal   GI: 493.12 pascal.debruyne[at]kuleuven.be Meer  
GGR De Groote Patrick   GI: 493.12 Meer  
GGR Delgado Blasco Manu   GI: 493.12 Meer  
GGR De Maesschalck Filip   GI: Meer  
GGR Depuydt Frans   GI: 493.12 frans.depuydt[at]kuleuven.be Meer  
GGR Di Feliciantonio Cesare   GI: 493.12 Meer  
GGR Dirckx Toon   GI: 493.12 toon.dirckx[at]kuleuven.be Meer  
GGR Docquier David   GI: 493.12 Meer  
GGR Doner Zehra Gokce   GI: 493.12 Meer  
GGR Dong Yifan   GI: 493.12 Meer  
GGR Dos Santos Pereira Alvaro Luis   GI: 493.12 Meer  
GGR Du Shiqiang   GI: 493.12 03.252 shiqiang.du[at]kuleuven.be Meer  
GGR Endalkachew Geleta   GI: 493.12 Meer  
GGR Gorodetskaya Irina   GI: 493.12 irina.gorodetskaya[at]kuleuven.be Meer  
GGR, STR Janssen Sam   GI: 493.12 Meer  
GGR Kazepov Yuri   GI: 493.12 yuri.kazepov[at]kuleuven.be Meer  
GGR Keeble James 72447 GI: 493.12 james.keeble[at]kuleuven.be Meer  
GGR Lemma Belay Haile   GI: 493.12 Meer  
GGR Liu Shujing   GI: 493.12 Meer  
GGR Maetens Willem   GI: 493.12 Meer  
GGR Marrecau Filip   GI: 493.12 filip.marrecau[at]kuleuven.be Meer  
GGR, AOW Meersmans Jos   GI: 493.12 Meer  
GGR Meys Sarah   GI: 493.12 Meer  
GGR, STR Neuts Bart   GI: Meer  
GGR Poppe Hugo   GI: hugo.poppe1[at]telenet.be Meer  
GGR Shimizu Ritaro   GI: Meer  
GGR, STR Steylaerts Vicky   GI: 493.12 Meer  
GGR Strutz Julia 72221 GI: 493.12 02.251 julia.strutz[at]kuleuven.be Meer  
GGR van den Berg Arlette   GI: 493.12 Meer  
GGR Van Dessel Wim   GI: wim.vandessel[at]kuleuven.be Meer  
GGR Van Den Eeckhaut Miet   GI: 493.12 Meer  
GGR Van der Haegen Herman   GI: herman.vanderhaegen[at]geo.kuleuven.be Meer  
GGR Vanderstraeten Lieve   GI: 493.12 lieve.vanderstraeten[at]kuleuven.be Meer  
GGR Vanonckelen Steven   GI: 493.12 Meer  
GGR, AOW Van Praet Jan   GI: 493.12 Meer  
GGR Vanwezer Gilberte   GI: gilberte.vanwezer[at]gep.kuleuven.be Meer  
GGR Verbeke Myriam   GI: myriam.verbeke[at]geo.kuleuven.be Meer  
GGR Vermeiren Karolien   GI: 493.12 Meer  
GGR Wondim Gebeyehu   GI: 493.12 Meer  
GGR Zhuang Hongzhong   GI: 493.12 Meer  
GLG Boyen Sara   GI: 493.12 sara.boyen[at]kuleuven.be Meer  
GLG, AOW Brepoels Ria   GI: ria.brepoels[at]kuleuven.be Meer  
GLG Bultynck Pierre   GI: 493.12 Meer  
GLG Carremans Mike   GI: 493.12 Meer  
GLG Caubergs Nelis   GI: 493.12 Meer  
GLG Champenois France   GI: 493.12 france.champenois[at]kuleuven.be Meer  
GLG Claes Steven   GI: 493.12 Meer  
GLG De Boever Eva   GI: 493.12 Meer  
GLG Debruyne David   GI: 493.12 Meer  
GLG De Clercq Friso   GI: 493.12 Meer  
GLG De Cleyn An   GI: 493.12 02.216 an.decleyn[at]kuleuven.be Meer  
GLG Derez Tine   GI: 493.12 Meer  
GLG Dewit Julie   GI: 493.12 Meer  
GLG D'haenens Simon   GI: 493.12 Meer  
GLG Dirix Katrijn   GI: 493.12 Meer  
GLG Eekelers Kim 72188 GI: 493.12 kim.eekelers[at]kuleuven.be Meer  
GLG Fahy Geraldine   GI: 493.12 Meer  
GLG Fenn Tom   GI: 493.12 Meer  
GLG Ganio Monica   GI: 493.12 Meer  
GLG Geukens Ferdinand   GI: 493.12 ferdinand.geukens[at]kuleuven.be Meer  
GLG Gullentops Frans 28150 GI: 493.12 frans.gullentops[at]kuleuven.be Meer  
GLG Haerinck Tom   GI: 493.12 Meer  
GLG Hooyberghs Herman   GI: Meer  
GLG Le Goff Johan   GI: 493.12 Meer  
GLG Lopez Benjamin   GI: 493.12 Meer  
GLG Mambwe Matanda Pascal   GI: 493.12 Meer  
GLG Meilijson Aaron   GI: 493.12 Meer  
GLG Janbaz Mohadeseh   GI: 493.12 Meer  
GLG Mozafari Mahtab   GI: 493.12 mahtab.mozafari[at]student.kuleuven.be Meer  
GLG Neyt Bert   GI: 493.12 Meer  
GLG Ronchi Benedicta   GI: 493.12 Meer  
GLG Torremans Koen   GI: 493.12 Meer  
GLG Van Wilderode Jorik   GI: Meer  
GLG Xhaferri Emeriana   GI: 493.12 Meer  
LVE Ang Frederic   GI: 493.12 Meer  
LVE Annaert Bernd   GI: 493.12 Meer  
LVE de Mey Yann   GI: 493.12 Meer  
LVE De Snijder Pepijn   GI: 493.12 Meer  
LVE De Valck Jeremy   GI: 493.12 Meer  
LVE Lambrecht Isabel   GI: 493.12 Meer  
LVE Schuster Monica   GI: 493.12 Meer  
LVE Schwarz Jana 72310 GI: 493.12 jana.schwarz[at]kuleuven.be Meer  
LVE Vande Velde Katrien   GI: Meer  
LVE Verhofstadt Ellen   GI: 493.12 Meer  
LVE Vlaeminck Pieter   GI: 493.12 Meer  
PRE Claeys Johan 77737 GI: 493.12 01.242 johan.claeys[at]kuleuven.be Meer  
PRE Cnuts Dries   GI: 493.12 Meer  
SADL, BNL Tirry Diederik   GI: 493.12 Meer  
SADL, GGR Nevelsteen Kristof   GI: 493.12 Meer  
SADL, GGR Vancauwenberghe Glenn   GI: 493.12 Meer  
SADL, BW Van De Vreken Philippe   GI: 493.12 philippe.vandevreken[at]kuleuven.be Meer  
Copyright © KU Leuven | Comments on this page: Eric De Volder
Production: Johan Boon, Hilde Vandenhoeck & Greet Willems | Most recent update: 05-05-2017 | Disclaimer
URL: http://ees.kuleuven.be/staff/index.html